<?xml version="1.0" encoding="UTF-8"?>
<beans  
	xmlns="http://www.springframework.org/schema/beans"
	xmlns:xsi="http://www.w3.org/2001/XMLSchema-instance"
	xmlns:context="http://www.springframework.org/schema/context"
	xmlns:mvc="http://www.springframework.org/schema/mvc"
	xsi:schemaLocation="http://www.springframework.org/schema/beans http://www.springframework.org/schema/beans/spring-beans.xsd
	http://www.springframework.org/schema/context http://www.springframework.org/schema/context/spring-context.xsd
	http://www.springframework.org/schema/mvc http://www.springframework.org/schema/mvc/spring-mvc.xsd">
	
	<!-- 开启注解映射的支持 -->
	<mvc:annotation-driven/>
	<!-- 允许对静态资源文件的访问 --> 
	<mvc:default-servlet-handler/>
	<mvc:interceptors>
		<mvc:interceptor>
			<mvc:mapping path="/**"/>
			<mvc:exclude-mapping path="/login/**"/>
			<mvc:exclude-mapping path="/css/**"/>
			<mvc:exclude-mapping path="/js/**"/>
			<mvc:exclude-mapping path="/images/**"/>
			<mvc:exclude-mapping path="/api/**"/>
			<bean class="org.imooc.controller.interceptor.SessionInterceptor"></bean>
		</mvc:interceptor>
		
		
		<mvc:interceptor>
			<mvc:mapping path="/**"/>
			<mvc:exclude-mapping path="/index"/>
			<mvc:exclude-mapping path="/session"/>
			<mvc:exclude-mapping path="/session/menus"/>
			<mvc:exclude-mapping path="/login/**"/>
			<mvc:exclude-mapping path="/css/**"/>
			<mvc:exclude-mapping path="/js/**"/>
			<mvc:exclude-mapping path="/images/**"/>
			<mvc:exclude-mapping path="/api/**"/>
			<bean class="org.imooc.controller.interceptor.AuthInterceptor"></bean>
		</mvc:interceptor>
		
	</mvc:interceptors>
	<!-- 配置视图解析器 -->
	<bean id="viewResolver" class="org.springframework.web.servlet.view.InternalResourceViewResolver">
		<property name="viewClass" value="org.springframework.web.servlet.view.JstlView"/>
		<property name="prefix" value="/WEB-INF/jsp"/>
		<property name="suffix" value=".jsp"></property>
	</bean>
	
	<!-- 自动扫描的包名 -->
	<context:component-scan base-package="org.imooc.controller"/>
</beans>